Antigua,
June 2026,https://www.cruisetimetables.com/visitingstjohnsantigua-jun2026.html
July 2026,https://www.cruisetimetables.com/visitingstjohnsantigua-jul2026.html
August 2026,https://www.cruisetimetables.com/visitingstjohnsantigua-aug2026.html
Sept 2026,https://www.cruisetimetables.com/visitingstjohnsantigua-sep2026.html
Oct 2026,https://www.cruisetimetables.com/visitingstjohnsantigua-oct2026.html
Nov 2026,https://www.cruisetimetables.com/visitingstjohnsantigua-nov2026.html
Dec 2026,https://www.cruisetimetables.com/visitingstjohnsantigua-dec2026.html
Jan 2027,https://www.cruisetimetables.com/visitingstjohnsantigua-jan2027.html
Feb 2027,https://www.cruisetimetables.com/visitingstjohnsantigua-feb2027.html
March 2027,https://www.cruisetimetables.com/visitingstjohnsantigua-mar2027.html
April 2027,https://www.cruisetimetables.com/visitingstjohnsantigua-apr2027.html
May 2027,https://www.cruisetimetables.com/visitingstjohnsantigua-may2027.html
June 2027,https://www.cruisetimetables.com/visitingstjohnsantigua-jun2027.html
July 2027,https://www.cruisetimetables.com/visitingstjohnsantigua-jul2027.html
August 2027,https://www.cruisetimetables.com/visitingstjohnsantigua-aug2027.html
Sept 2027,https://www.cruisetimetables.com/visitingstjohnsantigua-sep2027.html
Oct 2027,https://www.cruisetimetables.com/visitingstjohnsantigua-oct2027.html
Nov 2027,https://www.cruisetimetables.com/visitingstjohnsantigua-nov2027.html
Dec 2027,https://www.cruisetimetables.com/visitingstjohnsantigua-dec2027.html
