Aruba,
June 2026,https://www.cruisetimetables.com/visitingoranjestadaruba-jun2026.html
July 2026,https://www.cruisetimetables.com/visitingoranjestadaruba-jul2026.html
August 2026,https://www.cruisetimetables.com/visitingoranjestadaruba-aug2026.html
Sept 2026,https://www.cruisetimetables.com/visitingoranjestadaruba-sep2026.html
Oct 2026,https://www.cruisetimetables.com/visitingoranjestadaruba-oct2026.html
Nov 2026,https://www.cruisetimetables.com/visitingoranjestadaruba-nov2026.html
Dec 2026,https://www.cruisetimetables.com/visitingoranjestadaruba-dec2026.html
Jan 2027,https://www.cruisetimetables.com/visitingoranjestadaruba-jan2027.html
Feb 2027,https://www.cruisetimetables.com/visitingoranjestadaruba-feb2027.html
March 2027,https://www.cruisetimetables.com/visitingoranjestadaruba-mar2027.html
April 2027,https://www.cruisetimetables.com/visitingoranjestadaruba-apr2027.html
May 2027,https://www.cruisetimetables.com/visitingoranjestadaruba-may2027.html
June 2027,https://www.cruisetimetables.com/visitingoranjestadaruba-jul2027.html
July 2027,https://www.cruisetimetables.com/visitingoranjestadaruba-jul2027.html
August 2027,https://www.cruisetimetables.com/visitingoranjestadaruba-aug2027.html
Sept 2027,https://www.cruisetimetables.com/visitingoranjestadaruba-sep2027.html
Oct 2027,https://www.cruisetimetables.com/visitingoranjestadaruba-oct2027.html
Nov 2027,https://www.cruisetimetables.com/visitingoranjestadaruba-nov2027.html
Dec 2027,https://www.cruisetimetables.com/visitingoranjestadaruba-dec2027.html
