Barbados,
June 2026,No visits
July 2026,No visits
August 2026,No visits
Sept 2026,https://www.cruisetimetables.com/visitingbridgetownbarbados-sep2026.html
Oct 2026,https://www.cruisetimetables.com/visitingbridgetownbarbados-oct2026.html
Nov 2026,https://www.cruisetimetables.com/visitingbridgetownbarbados-nov2026.html
Dec 2026,https://www.cruisetimetables.com/visitingbridgetownbarbados-dec2026.html
Jan 2027,https://www.cruisetimetables.com/visitingbridgetownbarbados-jan2027.html
Feb 2027,https://www.cruisetimetables.com/cruises-to-bridgetown-barbados.html
March 2027,https://www.cruisetimetables.com/visitingbridgetownbarbados-mar2027.html
April 2027,https://www.cruisetimetables.com/visitingbridgetownbarbados-apr2027.html
May 2027,https://www.cruisetimetables.com/visitingbridgetownbarbados-may2027.html
June 2027,https://www.cruisetimetables.com/visitingbridgetownbarbados-jun2027.html
July 2027,https://www.cruisetimetables.com/visitingbridgetownbarbados-jul2027.html
August 2027,https://www.cruisetimetables.com/visitingbridgetownbarbados-aug2027.html
Sept 2027,https://www.cruisetimetables.com/visitingbridgetownbarbados-sep2027.html
Oct 2027,https://www.cruisetimetables.com/visitingbridgetownbarbados-oct2027.html
Nov 2027,https://www.cruisetimetables.com/visitingbridgetownbarbados-nov2027.html
Dec 2027,https://www.cruisetimetables.com/visitingbridgetownbarbados-dec2027.html
