Belize,
June 2026,https://www.cruisetimetables.com/visitingbelizecitybelize-jun2026.html
July 2026,https://www.cruisetimetables.com/visitingbelizecitybelize-jul2026.html
August 2026,https://www.cruisetimetables.com/visitingbelizecitybelize-aug2026.html
Sept 2026,https://www.cruisetimetables.com/visitingbelizecitybelize-sep2026.html
Oct 2026,https://www.cruisetimetables.com/visitingbelizecitybelize-oct2026.html
Nov 2026,https://www.cruisetimetables.com/visitingbelizecitybelize-nov2026.html
Dec 2026,https://www.cruisetimetables.com/visitingbelizecitybelize-dec2026.html
Jan 2027,https://www.cruisetimetables.com/visitingbelizecitybelize-jan2027.html
Feb 2027,https://www.cruisetimetables.com/visitingbelizecitybelize-feb2027.html
March 2027,https://www.cruisetimetables.com/visitingbelizecitybelize-mar2027.html
April 2027,https://www.cruisetimetables.com/visitingbelizecitybelize-apr2027.html
May 2027,https://www.cruisetimetables.com/visitingbelizecitybelize-may2027.html
June 2027,https://www.cruisetimetables.com/visitingbelizecitybelize-jun2027.html
July 2027,https://www.cruisetimetables.com/visitingbelizecitybelize-jul2027.html
August 2027,https://www.cruisetimetables.com/visitingbelizecitybelize-aug2027.html
Sept 2027,https://www.cruisetimetables.com/visitingbelizecitybelize-sep2027.html
Oct 2027,https://www.cruisetimetables.com/visitingbelizecitybelize-oct2027.html
Nov 2027,https://www.cruisetimetables.com/visitingbelizecitybelize-nov2027.html
Dec 2027,https://www.cruisetimetables.com/visitingbelizecitybelize-dec2027.html
