Bimini,
June 2026,https://www.cruisetimetables.com/visitingbiminiislandsbahamas-jun2026.html
July 2026,https://www.cruisetimetables.com/visitingbiminiislandsbahamas-jul2026.html
August 2026,https://www.cruisetimetables.com/visitingbiminiislandsbahamas-aug2026.html
Sept 2026,https://www.cruisetimetables.com/visitingbiminiislandsbahamas-sep2026.html
Oct 2026,https://www.cruisetimetables.com/visitingbiminiislandsbahamas-oct2026.html
Nov 2026,https://www.cruisetimetables.com/visitingbiminiislandsbahamas-nov2026.html
Dec 2026,https://www.cruisetimetables.com/visitingbiminiislandsbahamas-dec2026.html
Jan 2027,https://www.cruisetimetables.com/visitingbiminiislandsbahamas-jan2027.html
Feb 2027,https://www.cruisetimetables.com/visitingbiminiislandsbahamas-feb2027.html
March 2027,https://www.cruisetimetables.com/visitingbiminiislandsbahamas-mar2027.html
April 2027,https://www.cruisetimetables.com/visitingbiminiislandsbahamas-apr2027.html
May 2027,https://www.cruisetimetables.com/visitingbiminiislandsbahamas-may2027.html
June 2027,https://www.cruisetimetables.com/visitingbiminiislandsbahamas-jun2027.html
July 2027,https://www.cruisetimetables.com/visitingbiminiislandsbahamas-jul2027.html
August 2027,https://www.cruisetimetables.com/visitingbiminiislandsbahamas-aug2027.html
Sept 2027,https://www.cruisetimetables.com/visitingbiminiislandsbahamas-sep2027.html
Oct 2027,https://www.cruisetimetables.com/visitingbiminiislandsbahamas-oct2027.html
Nov 2027,https://www.cruisetimetables.com/visitingbiminiislandsbahamas-nov2027.html
Dec 2027,https://www.cruisetimetables.com/visitingbiminiislandsbahamas-dec2027.html
