Bonaire,
June 2026,https://www.cruisetimetables.com/visitingkralendijkbonaire-jun2026.html
July 2026,https://www.cruisetimetables.com/visitingkralendijkbonaire-jul2026.html
August 2026,https://www.cruisetimetables.com/visitingkralendijkbonaire-aug2026.html
Sept 2026,https://www.cruisetimetables.com/visitingkralendijkbonaire-sep2026.html
Oct 2026,https://www.cruisetimetables.com/visitingkralendijkbonaire-oct2026.html
Nov 2026,https://www.cruisetimetables.com/visitingkralendijkbonaire-nov2026.html
Dec 2026,https://www.cruisetimetables.com/visitingkralendijkbonaire-dec2026.html
Jan 2027,https://www.cruisetimetables.com/visitingkralendijkbonaire-jan2027.html
Feb 2027,https://www.cruisetimetables.com/visitingkralendijkbonaire-feb2027.html
March 2027,https://www.cruisetimetables.com/visitingkralendijkbonaire-mar2027.html
April 2027,https://www.cruisetimetables.com/visitingkralendijkbonaire-apr2027.html
May 2027,https://www.cruisetimetables.com/visitingkralendijkbonaire-may2027.html
June 2027,https://www.cruisetimetables.com/visitingkralendijkbonaire-jun2027.html
July 2027,https://www.cruisetimetables.com/visitingkralendijkbonaire-jul2027.html
August 2027,https://www.cruisetimetables.com/visitingkralendijkbonaire-aug2027.html
Sept 2027,https://www.cruisetimetables.com/visitingkralendijkbonaire-sep2027.html
Oct 2027,https://www.cruisetimetables.com/visitingkralendijkbonaire-oct2027.html
Nov 2027,https://www.cruisetimetables.com/visitingkralendijkbonaire-nov2027.html
Dec 2027,https://www.cruisetimetables.com/visitingkralendijkbonaire-dec2027.html
