Costa Maya,
June 2026,https://www.cruisetimetables.com/visitingcostamayamexico-jun2026.html
July 2026,https://www.cruisetimetables.com/visitingcostamayamexico-jul2026.html
August 2026,https://www.cruisetimetables.com/visitingcostamayamexico-aug2026.html
Sept 2026,https://www.cruisetimetables.com/visitingcostamayamexico-sep2026.html
Oct 2026,https://www.cruisetimetables.com/visitingcostamayamexico-oct2026.html
Nov 2026,https://www.cruisetimetables.com/visitingcostamayamexico-nov2026.html
Dec 2026,https://www.cruisetimetables.com/visitingcostamayamexico-dec2026.html
Jan 2027,https://www.cruisetimetables.com/visitingcostamayamexico-jan2027.html
Feb 2027,https://www.cruisetimetables.com/visitingcostamayamexico-feb2027.html
March 2027,https://www.cruisetimetables.com/visitingcostamayamexico-mar2027.html
April 2027,https://www.cruisetimetables.com/visitingcostamayamexico-apr2027.html
May 2027,https://www.cruisetimetables.com/visitingcostamayamexico-may2027.html
June 2027,https://www.cruisetimetables.com/visitingcostamayamexico-jun2027.html
July 2027,https://www.cruisetimetables.com/visitingcostamayamexico-jul2027.html
August 2027,https://www.cruisetimetables.com/visitingcostamayamexico-aug2027.html
Sept 2027,https://www.cruisetimetables.com/visitingcostamayamexico-sep2027.html
Oct 2027,https://www.cruisetimetables.com/visitingcostamayamexico-oct2027.html
Nov 2027,https://www.cruisetimetables.com/visitingcostamayamexico-nov2027.html
Dec 2027,https://www.cruisetimetables.com/visitingcostamayamexico-dec2027.html
