Cozumel,
June 2026,https://www.cruisetimetables.com/visitingcozumelmexico-jun2026.html
July 2026,https://www.cruisetimetables.com/visitingcozumelmexico-jul2026.html
August 2026,https://www.cruisetimetables.com/visitingcozumelmexico-aug2026.html
Sept 2026,https://www.cruisetimetables.com/visitingcozumelmexico-sep2026.html
Oct 2026,https://www.cruisetimetables.com/visitingcozumelmexico-oct2026.html
Nov 2026,https://www.cruisetimetables.com/visitingcozumelmexico-nov2026.html
Dec 2026,https://www.cruisetimetables.com/visitingcozumelmexico-dec2026.html
Jan 2027,https://www.cruisetimetables.com/visitingcozumelmexico-jan2027.html
Feb 2027,https://www.cruisetimetables.com/visitingcozumelmexico-feb2027.html
March 2027,https://www.cruisetimetables.com/visitingcozumelmexico-mar2027.html
April 2027,https://www.cruisetimetables.com/visitingcozumelmexico-apr2027.html
May 2027,https://www.cruisetimetables.com/visitingcozumelmexico-may2027.html
June 2027,https://www.cruisetimetables.com/visitingcozumelmexico-jun2027.html
July 2027,https://www.cruisetimetables.com/visitingcozumelmexico-jul2027.html
August 2027,https://www.cruisetimetables.com/visitingcozumelmexico-jul2027.html
Sept 2027,https://www.cruisetimetables.com/visitingcozumelmexico-sep2027.html
Oct 2027,https://www.cruisetimetables.com/visitingcozumelmexico-oct2027.html
Nov 2027,https://www.cruisetimetables.com/visitingcozumelmexico-nov2027.html
Dec 2027,https://www.cruisetimetables.com/visitingcozumelmexico-dec2027.html
