Curaco,
June 2026,https://www.cruisetimetables.com/visitingwillemstadcuracao-jun2026.html
July 2026,https://www.cruisetimetables.com/visitingwillemstadcuracao-jul2026.html
August 2026,https://www.cruisetimetables.com/visitingwillemstadcuracao-aug2026.html
Sept 2026,https://www.cruisetimetables.com/visitingwillemstadcuracao-sep2026.html
Oct 2026,https://www.cruisetimetables.com/visitingwillemstadcuracao-oct2026.html
Nov 2026,https://www.cruisetimetables.com/visitingwillemstadcuracao-nov2026.html
Dec 2026,https://www.cruisetimetables.com/visitingwillemstadcuracao-dec2026.html
Jan 2027,https://www.cruisetimetables.com/visitingwillemstadcuracao-jan2027.html
Feb 2027,https://www.cruisetimetables.com/visitingwillemstadcuracao-feb2027.html
March 2027,https://www.cruisetimetables.com/visitingwillemstadcuracao-mar2027.html
April 2027,https://www.cruisetimetables.com/visitingwillemstadcuracao-apr2027.html
May 2027,https://www.cruisetimetables.com/visitingwillemstadcuracao-may2027.html
June 2027,https://www.cruisetimetables.com/visitingwillemstadcuracao-jun2027.html
July 2027,https://www.cruisetimetables.com/visitingwillemstadcuracao-jul2027.html
August 2027,https://www.cruisetimetables.com/visitingwillemstadcuracao-aug2027.html
Sept 2027,https://www.cruisetimetables.com/visitingwillemstadcuracao-sep2027.html
Oct 2027,https://www.cruisetimetables.com/visitingwillemstadcuracao-oct2027.html
Nov 2027,https://www.cruisetimetables.com/visitingwillemstadcuracao-nov2027.html
Dec 2027,https://www.cruisetimetables.com/visitingwillemstadcuracao-dec2027.html
