Falmouth,
June 2026,https://www.cruisetimetables.com/visitingfalmouthjamaica-jun2026.html
July 2026,https://www.cruisetimetables.com/visitingfalmouthjamaica-jul2026.html
August 2026,https://www.cruisetimetables.com/visitingfalmouthjamaica-aug2026.html
Sept 2026,https://www.cruisetimetables.com/visitingfalmouthjamaica-sep2026.html
Oct 2026,https://www.cruisetimetables.com/visitingfalmouthjamaica-oct2026.html
Nov 2026,https://www.cruisetimetables.com/visitingfalmouthjamaica-nov2026.html
Dec 2026,https://www.cruisetimetables.com/visitingfalmouthjamaica-dec2026.html
Jan 2027,https://www.cruisetimetables.com/visitingfalmouthjamaica-jan2027.html
Feb 2027,https://www.cruisetimetables.com/visitingfalmouthjamaica-feb2027.html
March 2027,https://www.cruisetimetables.com/visitingfalmouthjamaica-mar2027.html
April 2027,https://www.cruisetimetables.com/visitingfalmouthjamaica-apr2027.html
May 2027,https://www.cruisetimetables.com/visitingfalmouthjamaica-may2027.html
June 2027,https://www.cruisetimetables.com/visitingfalmouthjamaica-jun2027.html
July 2027,https://www.cruisetimetables.com/visitingfalmouthjamaica-jul2027.html
August 2027,https://www.cruisetimetables.com/visitingfalmouthjamaica-aug2027.html
Sept 2027,https://www.cruisetimetables.com/visitingfalmouthjamaica-sep2027.html
Oct 2027,https://www.cruisetimetables.com/visitingfalmouthjamaica-oct2027.html
Nov 2027,https://www.cruisetimetables.com/visitingfalmouthjamaica-nov2027.html
Dec 2027,https://www.cruisetimetables.com/visitingfalmouthjamaica-dec2027.html
