Freeport,
June 2026,https://www.cruisetimetables.com/visitingfreeportbahamas-jun2026.html
July 2026,https://www.cruisetimetables.com/visitingfreeportbahamas-jul2026.html
August 2026,https://www.cruisetimetables.com/visitingfreeportbahamas-aug2026.html
Sept 2026,https://www.cruisetimetables.com/visitingfreeportbahamas-sep2026.html
Oct 2026,https://www.cruisetimetables.com/visitingfreeportbahamas-oct2026.html
Nov 2026,https://www.cruisetimetables.com/visitingfreeportbahamas-nov2026.html
Dec 2026,https://www.cruisetimetables.com/visitingfreeportbahamas-dec2026.html
Jan 2027,https://www.cruisetimetables.com/visitingfreeportbahamas-jan2027.html
Feb 2027,https://www.cruisetimetables.com/visitingfreeportbahamas-feb2027.html
March 2027,https://www.cruisetimetables.com/visitingfreeportbahamas-mar2027.html
April 2027,https://www.cruisetimetables.com/visitingfreeportbahamas-apr2027.html
May 2027,https://www.cruisetimetables.com/visitingfreeportbahamas-may2027.html
June 2027,https://www.cruisetimetables.com/visitingfreeportbahamas-jun2027.html
July 2027,https://www.cruisetimetables.com/visitingfreeportbahamas-jul2027.html
August 2027,https://www.cruisetimetables.com/visitingfreeportbahamas-aug2027.html
Sept 2027,https://www.cruisetimetables.com/visitingfreeportbahamas-sep2027.html
Oct 2027,https://www.cruisetimetables.com/visitingfreeportbahamas-oct2027.html
Nov 2027,https://www.cruisetimetables.com/visitingfreeportbahamas-nov2027.html
Dec 2027,https://www.cruisetimetables.com/visitingfreeportbahamas-dec2027.html
