Grand Cayman,
June 2026,https://www.cruisetimetables.com/visitinggeorgetowngrandcayman-jun2026.html
July 2026,https://www.cruisetimetables.com/visitinggeorgetowngrandcayman-jul2026.html
August 2026,https://www.cruisetimetables.com/visitinggeorgetowngrandcayman-aug2026.html
Sept 2026,https://www.cruisetimetables.com/visitinggeorgetowngrandcayman-sep2026.html
Oct 2026,https://www.cruisetimetables.com/visitinggeorgetowngrandcayman-oct2026.html
Nov 2026,https://www.cruisetimetables.com/visitinggeorgetowngrandcayman-nov2026.html
Dec 2026,https://www.cruisetimetables.com/visitinggeorgetowngrandcayman-dec2026.html
Jan 2027,https://www.cruisetimetables.com/visitinggeorgetowngrandcayman-jan2027.html
Feb 2027,https://www.cruisetimetables.com/visitinggeorgetowngrandcayman-feb2027.html
March 2027,https://www.cruisetimetables.com/visitinggeorgetowngrandcayman-mar2027.html
April 2027,https://www.cruisetimetables.com/visitinggeorgetowngrandcayman-apr2027.html
May 2027,https://www.cruisetimetables.com/visitinggeorgetowngrandcayman-may2027.html
June 2027,https://www.cruisetimetables.com/visitinggeorgetowngrandcayman-jun2027.html
July 2027,https://www.cruisetimetables.com/visitinggeorgetowngrandcayman-jul2027.html
August 2027,https://www.cruisetimetables.com/visitinggeorgetowngrandcayman-aug2027.html
Sept 2027,https://www.cruisetimetables.com/visitinggeorgetowngrandcayman-sep2027.html
Oct 2027,https://www.cruisetimetables.com/visitinggeorgetowngrandcayman-oct2027.html
Nov 2027,https://www.cruisetimetables.com/visitinggeorgetowngrandcayman-nov2027.html
Dec 2027,https://www.cruisetimetables.com/visitinggeorgetowngrandcayman-dec2027.html
