Grenada,
June 2026,https://www.cruisetimetables.com/visitingstgeorgesgrenada-jun2026.html
July 2026,No visits
August 2026,No visits
Sept 2026,No visits
Oct 2026,https://www.cruisetimetables.com/visitingstgeorgesgrenada-oct2026.html
Nov 2026,https://www.cruisetimetables.com/visitingstgeorgesgrenada-nov2026.html
Dec 2026,https://www.cruisetimetables.com/visitingstgeorgesgrenada-dec2026.html
Jan 2027,https://www.cruisetimetables.com/visitingstgeorgesgrenada-jan2027.html
Feb 2027,https://www.cruisetimetables.com/visitingstgeorgesgrenada-feb2027.html
March 2027,https://www.cruisetimetables.com/visitingstgeorgesgrenada-mar2027.html
April 2027,https://www.cruisetimetables.com/visitingstgeorgesgrenada-apr2027.html
May 2027,No visits
June 2027,No visits
July 2027,No visits
August 2027,No visits
Sept 2027,No visits
Oct 2027,No visits
Nov 2027,https://www.cruisetimetables.com/visitingstgeorgesgrenada-nov2027.html
Dec 2027,https://www.cruisetimetables.com/visitingstgeorgesgrenada-dec2027.html
