Key West,
June 2026,https://www.cruisetimetables.com/visitingkeywestflorida-jun2026.html
July 2026,https://www.cruisetimetables.com/visitingkeywestflorida-jul2026.html
August 2026,https://www.cruisetimetables.com/visitingkeywestflorida-aug2026.html
Sept 2026,https://www.cruisetimetables.com/visitingkeywestflorida-sep2026.html
Oct 2026,https://www.cruisetimetables.com/visitingkeywestflorida-oct2026.html
Nov 2026,https://www.cruisetimetables.com/visitingkeywestflorida-nov2026.html
Dec 2026,https://www.cruisetimetables.com/visitingkeywestflorida-dec2026.html
Jan 2027,https://www.cruisetimetables.com/visitingkeywestflorida-jan2027.html
Feb 2027,https://www.cruisetimetables.com/visitingkeywestflorida-feb2027.html
March 2027,https://www.cruisetimetables.com/visitingkeywestflorida-mar2027.html
April 2027,https://www.cruisetimetables.com/visitingkeywestflorida-apr2027.html
May 2027,https://www.cruisetimetables.com/visitingkeywestflorida-may2027.html
June 2027,https://www.cruisetimetables.com/visitingkeywestflorida-jun2027.html
July 2027,https://www.cruisetimetables.com/visitingkeywestflorida-jul2027.html
August 2027,https://www.cruisetimetables.com/visitingkeywestflorida-aug2027.html
Sept 2027,https://www.cruisetimetables.com/visitingkeywestflorida-sep2027.html
Oct 2027,https://www.cruisetimetables.com/visitingkeywestflorida-oct2027.html
Nov 2027,https://www.cruisetimetables.com/visitingkeywestflorida-nov2027.html
Dec 2027,https://www.cruisetimetables.com/visitingkeywestflorida-dec2027.html
