Martinique,
June 2026,No visits
July 2026,No visits
August 2026,No visits
Sept 2026,No visits
Oct 2026,https://www.cruisetimetables.com/visitingfortdefrancemartinique-oct2026.html
Nov 2026,https://www.cruisetimetables.com/visitingfortdefrancemartinique-nov2026.html
Dec 2026,https://www.cruisetimetables.com/visitingfortdefrancemartinique-dec2026.html
Jan 2027,https://www.cruisetimetables.com/visitingfortdefrancemartinique-jan2027.html
Feb 2027,https://www.cruisetimetables.com/visitingfortdefrancemartinique-feb2027.html
March 2027,https://www.cruisetimetables.com/visitingfortdefrancemartinique-mar2027.html
April 2027,https://www.cruisetimetables.com/visitingfortdefrancemartinique-apr2027.html
May 2027,https://www.cruisetimetables.com/visitingfortdefrancemartinique-may2027.html
June 2027,https://www.cruisetimetables.com/visitingfortdefrancemartinique-jun2027.html
July 2027,https://www.cruisetimetables.com/visitingfortdefrancemartinique-jul2027.html
August 2027,https://www.cruisetimetables.com/visitingfortdefrancemartinique-aug2027.html
Sept 2027,https://www.cruisetimetables.com/visitingfortdefrancemartinique-sep2027.html
Oct 2027,https://www.cruisetimetables.com/visitingfortdefrancemartinique-oct2027.html
Nov 2027,https://www.cruisetimetables.com/visitingfortdefrancemartinique-nov2027.html
Dec 2027,https://www.cruisetimetables.com/visitingfortdefrancemartinique-dec2027.html
