Montego Bay,
June 2026,https://www.cruisetimetables.com/visitingmontegobayjamaica-jun2026.html
July 2026,https://www.cruisetimetables.com/visitingmontegobayjamaica-jul2026.html
August 2026,https://www.cruisetimetables.com/visitingmontegobayjamaica-aug2026.html
Sept 2026,https://www.cruisetimetables.com/visitingmontegobayjamaica-sep2026.html
Oct 2026,https://www.cruisetimetables.com/visitingmontegobayjamaica-oct2026.html
Nov 2026,https://www.cruisetimetables.com/visitingmontegobayjamaica-nov2026.html
Dec 2026,https://www.cruisetimetables.com/visitingmontegobayjamaica-dec2026.html
Jan 2027,https://www.cruisetimetables.com/visitingmontegobayjamaica-jan2027.html
Feb 2027,https://www.cruisetimetables.com/visitingmontegobayjamaica-feb2027.html
March 2027,https://www.cruisetimetables.com/visitingmontegobayjamaica-mar2027.html
April 2027,https://www.cruisetimetables.com/visitingmontegobayjamaica-apr2027.html
May 2027,https://www.cruisetimetables.com/visitingmontegobayjamaica-may2027.html
June 2027,https://www.cruisetimetables.com/visitingmontegobayjamaica-jun2027.html
July 2027,https://www.cruisetimetables.com/visitingmontegobayjamaica-jul2027.html
August 2027,https://www.cruisetimetables.com/visitingmontegobayjamaica-aug2027.html
Sept 2027,https://www.cruisetimetables.com/visitingmontegobayjamaica-sep2027.html
Oct 2027,https://www.cruisetimetables.com/visitingmontegobayjamaica-oct2027.html
Nov 2027,https://www.cruisetimetables.com/visitingmontegobayjamaica-nov2027.html
Dec 2027,https://www.cruisetimetables.com/visitingmontegobayjamaica-dec2027.html
