Nassau,
June 2026,https://www.cruisetimetables.com/visitingnassaubahamas-jun2026.html
July 2026,https://www.cruisetimetables.com/visitingnassaubahamas-jul2026.html
August 2026,https://www.cruisetimetables.com/visitingnassaubahamas-aug2026.html
Sept 2026,https://www.cruisetimetables.com/visitingnassaubahamas-sep2026.html
Oct 2026,https://www.cruisetimetables.com/visitingnassaubahamas-oct2026.html
Nov 2026,https://www.cruisetimetables.com/visitingnassaubahamas-nov2026.html
Dec 2026,https://www.cruisetimetables.com/visitingnassaubahamas-dec2026.html
Jan 2027,https://www.cruisetimetables.com/visitingnassaubahamas-jan2027.html
Feb 2027,https://www.cruisetimetables.com/visitingnassaubahamas-feb2027.html
March 2027,https://www.cruisetimetables.com/visitingnassaubahamas-mar2027.html
April 2027,https://www.cruisetimetables.com/visitingnassaubahamas-apr2027.html
May 2027,https://www.cruisetimetables.com/visitingnassaubahamas-may2027.html
June 2027,https://www.cruisetimetables.com/visitingnassaubahamas-jun2027.html
July 2027,https://www.cruisetimetables.com/visitingnassaubahamas-jul2027.html
August 2027,https://www.cruisetimetables.com/visitingnassaubahamas-aug2027.html
Sept 2027,https://www.cruisetimetables.com/visitingnassaubahamas-sep2027.html
Oct 2027,https://www.cruisetimetables.com/visitingnassaubahamas-oct2027.html
Nov 2027,https://www.cruisetimetables.com/visitingnassaubahamas-nov2027.html
Dec 2027,https://www.cruisetimetables.com/visitingnassaubahamas-dec2027.html
