Ocho Rios,
June 2026,https://www.cruisetimetables.com/visitingochoriosjamaica-jun2026.html
July 2026,No vists
August 2026,https://www.cruisetimetables.com/visitingochoriosjamaica-aug2026.html
September 2026,https://www.cruisetimetables.com/visitingochoriosjamaica-sep2026.html
October 2026,https://www.cruisetimetables.com/visitingochoriosjamaica-oct2026.html
November 2026,https://www.cruisetimetables.com/visitingochoriosjamaica-nov2026.html
December 2026,https://www.cruisetimetables.com/visitingochoriosjamaica-dec2026.html
Jan 2027,https://www.cruisetimetables.com/visitingochoriosjamaica-jan2027.html
Feb 2027,https://www.cruisetimetables.com/visitingochoriosjamaica-feb2027.html
March 2027,https://www.cruisetimetables.com/visitingochoriosjamaica-mar2027.html
April 2027,https://www.cruisetimetables.com/visitingochoriosjamaica-apr2027.html
May 2027,https://www.cruisetimetables.com/visitingochoriosjamaica-may2027.html
June 2027,https://www.cruisetimetables.com/visitingochoriosjamaica-jun2027.html
July 2027,https://www.cruisetimetables.com/visitingochoriosjamaica-jul2027.html
August 2027,https://www.cruisetimetables.com/visitingochoriosjamaica-aug2027.html
Sept 2027,https://www.cruisetimetables.com/visitingochoriosjamaica-sep2027.html
Oct 2027,https://www.cruisetimetables.com/visitingochoriosjamaica-oct2027.html
Nov 2027,https://www.cruisetimetables.com/visitingochoriosjamaica-nov2027.html
Dec 2027,https://www.cruisetimetables.com/visitingochoriosjamaica-dec2027.html
