Progreso,
June 2026,https://www.cruisetimetables.com/visitingprogresomexico-jun2026.html
July 2026,https://www.cruisetimetables.com/visitingprogresomexico-jul2026.html
August 2026,https://www.cruisetimetables.com/visitingprogresomexico-aug2026.html
Sept 2026,https://www.cruisetimetables.com/visitingprogresomexico-sep2026.html
Oct 2026,https://www.cruisetimetables.com/visitingprogresomexico-oct2026.html
Nov 2026,https://www.cruisetimetables.com/visitingprogresomexico-nov2026.html
Dec 2026,https://www.cruisetimetables.com/visitingprogresomexico-dec2026.html
Jan 2027,https://www.cruisetimetables.com/visitingprogresomexico-jan2027.html
Feb 2027,https://www.cruisetimetables.com/visitingprogresomexico-feb2027.html
March 2027,https://www.cruisetimetables.com/visitingprogresomexico-mar2027.html
April 2027,https://www.cruisetimetables.com/visitingprogresomexico-apr2027.html
May 2027,https://www.cruisetimetables.com/visitingprogresomexico-may2027.html
June 2027,https://www.cruisetimetables.com/visitingprogresomexico-jun2027.html
July 2027,https://www.cruisetimetables.com/visitingprogresomexico-jul2027.html
August 2027,https://www.cruisetimetables.com/visitingprogresomexico-aug2027.html
Sept 2027,https://www.cruisetimetables.com/visitingprogresomexico-sep2027.html
Oct 2027,https://www.cruisetimetables.com/visitingprogresomexico-oct2027.html
Nov 2027,https://www.cruisetimetables.com/visitingprogresomexico-nov2027.html
Dec 2027,https://www.cruisetimetables.com/visitingprogresomexico-dec2027.html
