Puerto Plata,
June 2026,https://www.cruisetimetables.com/visitingpuertoplataambercovedominicanrepublic-jun2026.html
July 2026,https://www.cruisetimetables.com/visitingpuertoplataambercovedominicanrepublic-jul2026.html
August 2026,https://www.cruisetimetables.com/visitingpuertoplataambercovedominicanrepublic-aug2026.html
Sept 2026,https://www.cruisetimetables.com/visitingpuertoplataambercovedominicanrepublic-sep2026.html
Oct 2026,https://www.cruisetimetables.com/visitingpuertoplataambercovedominicanrepublic-oct2026.html
Nov 2026,https://www.cruisetimetables.com/visitingpuertoplataambercovedominicanrepublic-nov2026.html
Dec 2026,https://www.cruisetimetables.com/visitingpuertoplataambercovedominicanrepublic-dec2026.html
Jan 2027,https://www.cruisetimetables.com/visitingpuertoplataambercovedominicanrepublic-jan2027.html
Feb 2027,https://www.cruisetimetables.com/visitingpuertoplataambercovedominicanrepublic-feb2027.html
March 2027,https://www.cruisetimetables.com/visitingpuertoplataambercovedominicanrepublic-mar2027.html
April 2027,https://www.cruisetimetables.com/visitingpuertoplataambercovedominicanrepublic-apr2027.html
May 2027,https://www.cruisetimetables.com/visitingpuertoplataambercovedominicanrepublic-may2027.html
June 2027,https://www.cruisetimetables.com/visitingpuertoplataambercovedominicanrepublic-jun2027.html
July 2027,https://www.cruisetimetables.com/visitingpuertoplataambercovedominicanrepublic-jul2027.html
August 2027,https://www.cruisetimetables.com/visitingpuertoplataambercovedominicanrepublic-aug2027.html
Sept 2027,https://www.cruisetimetables.com/visitingpuertoplataambercovedominicanrepublic-sep2027.html
Oct 2027,https://www.cruisetimetables.com/visitingpuertoplataambercovedominicanrepublic-oct2027.html
Nov 2027,https://www.cruisetimetables.com/visitingpuertoplataambercovedominicanrepublic-nov2027.html
Dec 2027,https://www.cruisetimetables.com/visitingpuertoplataambercovedominicanrepublic-dec2027.html
