Puerto Quetzal,
June 2026,No visits
July 2026,No visits
August 2026,No visits
Sept 2026,No visits
Oct 2026,https://www.cruisetimetables.com/visitingpuertoquetzalguatemala-oct2026.html
Nov 2026,https://www.cruisetimetables.com/visitingpuertoquetzalguatemala-nov2026.html
Dec 2026,https://www.cruisetimetables.com/visitingpuertoquetzalguatemala-dec2026.html
Jan 2027,https://www.cruisetimetables.com/visitingpuertoquetzalguatemala-jan2027.html
Feb 2027,https://www.cruisetimetables.com/visitingpuertoquetzalguatemala-feb2027.html
March 2027,https://www.cruisetimetables.com/visitingpuertoquetzalguatemala-mar2027.html
April 2027,https://www.cruisetimetables.com/visitingpuertoquetzalguatemala-apr2027.html
May 2027,https://www.cruisetimetables.com/visitingpuertoquetzalguatemala-may2027.html
June 2027,No visits
July 2027,No visits
August 2027,No visits
Sept 2027,https://www.cruisetimetables.com/visitingpuertoquetzalguatemala-sep2027.html
Oct 2027,https://www.cruisetimetables.com/visitingpuertoquetzalguatemala-oct2027.html
Nov 2027,https://www.cruisetimetables.com/visitingpuertoquetzalguatemala-nov2027.html
Dec 2027,https://www.cruisetimetables.com/visitingpuertoquetzalguatemala-dec2027.html
