Puerto Limon,
June 2026,No visits
July 2026,No visits
August 2026,No visits
Sept 2026,No visits
Oct 2026,https://www.cruisetimetables.com/visitingpuertolimoncostarica-oct2026.html
Nov 2026,https://www.cruisetimetables.com/visitingpuertolimoncostarica-nov2026.html
Dec 2026,https://www.cruisetimetables.com/visitingpuertolimoncostarica-dec2026.html
Jan 2027,https://www.cruisetimetables.com/visitingpuertolimoncostarica-jan2027.html
Feb 2027,https://www.cruisetimetables.com/visitingpuertolimoncostarica-feb2027.html
March 2027,https://www.cruisetimetables.com/visitingpuertolimoncostarica-mar2027.html
April 2027,https://www.cruisetimetables.com/visitingpuertolimoncostarica-apr2027.html
May 2027,No visits
June 2027,No visits
July 2027,No visits
August 2027,No visits
Sept 2027,No visits
Oct 2027,https://www.cruisetimetables.com/visitingpuertolimoncostarica-oct2027.html
Nov 2027,https://www.cruisetimetables.com/visitingpuertolimoncostarica-nov2027.html
Dec 2027,https://www.cruisetimetables.com/visitingpuertolimoncostarica-dec2027.html
