Puntarenas,
June 2026,No Visits
July 2026,No Visits
August 2026,No Visits
Sept 2026,https://www.cruisetimetables.com/visitingpuntarenascostarica-sep2026.html
Oct 2026,https://www.cruisetimetables.com/visitingpuntarenascostarica-oct2026.html
Nov 2026,https://www.cruisetimetables.com/visitingpuntarenascostarica-nov2026.html
Dec 2026,https://www.cruisetimetables.com/visitingpuntarenascostarica-dec2026.html
Jan 2027,https://www.cruisetimetables.com/visitingpuntarenascostarica-jan2027.html
Feb 2027,https://www.cruisetimetables.com/visitingpuntarenascostarica-feb2027.html
March 2027,https://www.cruisetimetables.com/visitingpuntarenascostarica-mar2027.html
April 2027,https://www.cruisetimetables.com/visitingpuntarenascostarica-apr2027.html
May 2027,No Visits
June 2027,https://www.cruisetimetables.com/visitingpuntarenascostarica-jun2027.html
July 2027,No Visits
August 2027,https://www.cruisetimetables.com/visitingpuntarenascostarica-aug2027.html
Sept 2027,https://www.cruisetimetables.com/visitingpuntarenascostarica-sep2027.html
Oct 2027,https://www.cruisetimetables.com/visitingpuntarenascostarica-oct2027.html
Nov 2027,https://www.cruisetimetables.com/visitingpuntarenascostarica-nov2027.html
Dec 2027,https://www.cruisetimetables.com/visitingpuntarenascostarica-dec2027.html
