Roatan,
June 2026,https://www.cruisetimetables.com/visitingroatanhonduras-jun2026.html
July 2026,https://www.cruisetimetables.com/visitingroatanhonduras-jul2026.html
August 2026,https://www.cruisetimetables.com/visitingroatanhonduras-aug2026.html
Sept 2026,https://www.cruisetimetables.com/visitingroatanhonduras-sep2026.html
Oct 2026,https://www.cruisetimetables.com/visitingroatanhonduras-oct2026.html
Nov 2026,https://www.cruisetimetables.com/visitingroatanhonduras-nov2026.html
Dec 2026,https://www.cruisetimetables.com/visitingroatanhonduras-dec2026.html
Jan 2027,https://www.cruisetimetables.com/visitingroatanhonduras-jan2027.html
Feb 2027,https://www.cruisetimetables.com/visitingroatanhonduras-feb2027.html
March 2027,https://www.cruisetimetables.com/visitingroatanhonduras-mar2027.html
April 2027,https://www.cruisetimetables.com/visitingroatanhonduras-apr2027.html
May 2027,https://www.cruisetimetables.com/visitingroatanhonduras-may2027.html
June 2027,https://www.cruisetimetables.com/visitingroatanhonduras-jun2027.html
July 2027,https://www.cruisetimetables.com/visitingroatanhonduras-jul2027.html
August 2027,https://www.cruisetimetables.com/visitingroatanhonduras-aug2027.html
Sept 2027,https://www.cruisetimetables.com/visitingroatanhonduras-sep2027.html
Oct 2027,https://www.cruisetimetables.com/visitingroatanhonduras-oct2027.html
Nov 2027,https://www.cruisetimetables.com/visitingroatanhonduras-nov2027.html
Dec 2027,https://www.cruisetimetables.com/visitingroatanhonduras-dec2027.html
