Samana,
June 2026,No visits
July 2026,No visits
August 2026,No visits
Sept 2026,https://www.cruisetimetables.com/visitingsamanadominicanrepublic-sep2026.html
Oct 2026,No visits
Nov 2026,https://www.cruisetimetables.com/visitingsamanadominicanrepublic-nov2026.html
Dec 2026,https://www.cruisetimetables.com/visitingsamanadominicanrepublic-dec2026.html
Jan 2027,https://www.cruisetimetables.com/visitingsamanadominicanrepublic-jan2027.html
Feb 2027,https://www.cruisetimetables.com/visitingsamanadominicanrepublic-feb2027.html
March 2027,https://www.cruisetimetables.com/visitingsamanadominicanrepublic-mar2027.html
April 2027,https://www.cruisetimetables.com/visitingsamanadominicanrepublic-apr2027.html
May 2027,https://www.cruisetimetables.com/visitingsamanadominicanrepublic-may2027.html
June 2027,https://www.cruisetimetables.com/visitingsamanadominicanrepublic-jun2027.html
July 2027,https://www.cruisetimetables.com/visitingsamanadominicanrepublic-jul2027.html
August 2027,https://www.cruisetimetables.com/visitingsamanadominicanrepublic-aug2027.html
Sept 2027,https://www.cruisetimetables.com/visitingsamanadominicanrepublic-sep2027.html
Oct 2027,https://www.cruisetimetables.com/visitingsamanadominicanrepublic-oct2027.html
Nov 2027,https://www.cruisetimetables.com/visitingsamanadominicanrepublic-nov2027.html
Dec 2027,https://www.cruisetimetables.com/visitingsamanadominicanrepublic-dec2027.html
