San Juan,
June 2026,https://www.cruisetimetables.com/visitingsanjuanpuertorico-jun2026.html
July 2026,https://www.cruisetimetables.com/visitingsanjuanpuertorico-jul2026.html
August 2026,https://www.cruisetimetables.com/visitingsanjuanpuertorico-aug2026.html
Sept 2026,https://www.cruisetimetables.com/visitingsanjuanpuertorico-sep2026.html
Oct 2026,https://www.cruisetimetables.com/visitingsanjuanpuertorico-oct2026.html
Nov 2026,https://www.cruisetimetables.com/visitingsanjuanpuertorico-nov2026.html
Dec 2026,https://www.cruisetimetables.com/visitingsanjuanpuertorico-dec2026.html
Jan 2027,https://www.cruisetimetables.com/visitingsanjuanpuertorico-jan2027.html
Feb 2027,https://www.cruisetimetables.com/visitingsanjuanpuertorico-feb2027.html
March 2027,https://www.cruisetimetables.com/visitingsanjuanpuertorico-mar2027.html
April 2027,https://www.cruisetimetables.com/visitingsanjuanpuertorico-apr2027.html
May 2027,https://www.cruisetimetables.com/visitingsanjuanpuertorico-may2027.html
June 2027,https://www.cruisetimetables.com/visitingsanjuanpuertorico-jun2027.html
July 2027,https://www.cruisetimetables.com/visitingsanjuanpuertorico-jul2027.html
August 2027,https://www.cruisetimetables.com/visitingsanjuanpuertorico-aug2027.html
Sept 2027,https://www.cruisetimetables.com/visitingsanjuanpuertorico-sep2027.html
Oct 2027,https://www.cruisetimetables.com/visitingsanjuanpuertorico-oct2027.html
Nov 2027,https://www.cruisetimetables.com/visitingsanjuanpuertorico-nov2027.html
Dec 2027,https://www.cruisetimetables.com/visitingsanjuanpuertorico-dec2027.html
