St Kitts,
June 2026,https://www.cruisetimetables.com/visitingbasseterrestkitts-jun2026.html
July 2026,https://www.cruisetimetables.com/visitingbasseterrestkitts-jul2026.html
August 2026,https://www.cruisetimetables.com/visitingbasseterrestkitts-aug2026.html
Sept 2026,https://www.cruisetimetables.com/visitingbasseterrestkitts-sep2026.html
Oct 2026,https://www.cruisetimetables.com/visitingbasseterrestkitts-oct2026.html
Nov 2026,https://www.cruisetimetables.com/visitingbasseterrestkitts-nov2026.html
Dec 2026,https://www.cruisetimetables.com/visitingbasseterrestkitts-dec2026.html
Jan 2027,https://www.cruisetimetables.com/visitingbasseterrestkitts-jan2027.html
Feb 2027,https://www.cruisetimetables.com/visitingbasseterrestkitts-feb2027.html
March 2027,https://www.cruisetimetables.com/visitingbasseterrestkitts-mar2027.html
April 2027,https://www.cruisetimetables.com/visitingbasseterrestkitts-apr2027.html
May 2027,https://www.cruisetimetables.com/visitingbasseterrestkitts-may2027.html
June 2027,https://www.cruisetimetables.com/visitingbasseterrestkitts-jun2027.html
July 2027,https://www.cruisetimetables.com/visitingbasseterrestkitts-jul2027.html
August 2027,https://www.cruisetimetables.com/visitingbasseterrestkitts-aug2027.html
Sept 2027,https://www.cruisetimetables.com/visitingbasseterrestkitts-sep2027.html
Oct 2027,https://www.cruisetimetables.com/visitingbasseterrestkitts-oct2027.html
Nov 2027,https://www.cruisetimetables.com/visitingbasseterrestkitts-nov2027.html
Dec 2027,https://www.cruisetimetables.com/visitingbasseterrestkitts-dec2027.html
