St. Maarten,
June 2026,https://www.cruisetimetables.com/visitingphilipsburgstmaarten-jun2026.html
July 2026,https://www.cruisetimetables.com/visitingphilipsburgstmaarten-jul2026.html
August 2026,https://www.cruisetimetables.com/visitingphilipsburgstmaarten-aug2026.html
Sept 2026,https://www.cruisetimetables.com/visitingphilipsburgstmaarten-sep2026.html
Oct 2026,https://www.cruisetimetables.com/visitingphilipsburgstmaarten-oct2026.html
Nov 2026,https://www.cruisetimetables.com/visitingphilipsburgstmaarten-nov2026.html
Dec 2026,https://www.cruisetimetables.com/visitingphilipsburgstmaarten-dec2026.html
Jan 2027,https://www.cruisetimetables.com/visitingphilipsburgstmaarten-jan2027.html
Feb 2027,https://www.cruisetimetables.com/visitingphilipsburgstmaarten-feb2027.html
March 2027,https://www.cruisetimetables.com/visitingphilipsburgstmaarten-mar2027.html
April 2027,https://www.cruisetimetables.com/visitingphilipsburgstmaarten-apr2027.html
May 2027,https://www.cruisetimetables.com/visitingphilipsburgstmaarten-may2027.html
June 2027,https://www.cruisetimetables.com/visitingphilipsburgstmaarten-jun2027.html
July 2027,https://www.cruisetimetables.com/visitingphilipsburgstmaarten-jul2027.html
August 2027,https://www.cruisetimetables.com/visitingphilipsburgstmaarten-aug2027.html
Sept 2027,https://www.cruisetimetables.com/visitingphilipsburgstmaarten-sep2027.html
Oct 2027,https://www.cruisetimetables.com/visitingphilipsburgstmaarten-oct2027.html
Nov 2027,https://www.cruisetimetables.com/visitingphilipsburgstmaarten-nov2027.html
Dec 2027,https://www.cruisetimetables.com/visitingphilipsburgstmaarten-dec2027.html
