St Thomas,
Jan 2027,https://www.cruisetimetables.com/visitingstthomasusvirginislands-jan2027.html
Feb 2027,https://www.cruisetimetables.com/visitingstthomasusvirginislands-feb2027.html
March 2027,https://www.cruisetimetables.com/visitingstthomasusvirginislands-mar2027.html
April 2027,https://www.cruisetimetables.com/visitingstthomasusvirginislands-apr2027.html
May 2027,https://www.cruisetimetables.com/visitingstthomasusvirginislands-may2027.html
June 2027,https://www.cruisetimetables.com/visitingstthomasusvirginislands-jun2027.html
July 2027,https://www.cruisetimetables.com/visitingstthomasusvirginislands-jul2027.html
August 2027,https://www.cruisetimetables.com/visitingstthomasusvirginislands-aug2027.html
Sept 2027,https://www.cruisetimetables.com/visitingstthomasusvirginislands-sep2027.html
Oct 2027,https://www.cruisetimetables.com/visitingstthomasusvirginislands-oct2027.html
Nov 2027,https://www.cruisetimetables.com/visitingstthomasusvirginislands-nov2027.html
Dec 2027,https://www.cruisetimetables.com/visitingstthomasusvirginislands-dec2027.html
