Tortola,
June 2026,https://www.cruisetimetables.com/visitingtortolabritishvirginislands-jun2026.html
July 2026,https://www.cruisetimetables.com/visitingtortolabritishvirginislands-jul2026.html
August 2026,https://www.cruisetimetables.com/visitingtortolabritishvirginislands-aug2026.html
September 2026,https://www.cruisetimetables.com/visitingtortolabritishvirginislands-sep2026.html
October 2026,https://www.cruisetimetables.com/visitingtortolabritishvirginislands-oct2026.html
November 2026,https://www.cruisetimetables.com/visitingtortolabritishvirginislands-nov2026.html
December 2026,https://www.cruisetimetables.com/visitingtortolabritishvirginislands-dec2026.html
Jan 2027,https://www.cruisetimetables.com/visitingtortolabritishvirginislands-jan2027.html
Feb 2027,https://www.cruisetimetables.com/visitingtortolabritishvirginislands-feb2027.html
March 2027,https://www.cruisetimetables.com/visitingtortolabritishvirginislands-mar2027.html
April 2027,https://www.cruisetimetables.com/visitingtortolabritishvirginislands-apr2027.html
May 2027,https://www.cruisetimetables.com/visitingtortolabritishvirginislands-may2027.html
June 2027,https://www.cruisetimetables.com/visitingtortolabritishvirginislands-jun2027.html
July 2027,https://www.cruisetimetables.com/visitingtortolabritishvirginislands-jul2027.html
August 2027,https://www.cruisetimetables.com/visitingtortolabritishvirginislands-aug2027.html
Sept 2027,https://www.cruisetimetables.com/visitingtortolabritishvirginislands-sep2027.html
Oct 2027,https://www.cruisetimetables.com/visitingtortolabritishvirginislands-oct2027.html
Nov 2027,https://www.cruisetimetables.com/visitingtortolabritishvirginislands-nov2027.html
Dec 2027,https://www.cruisetimetables.com/visitingtortolabritishvirginislands-dec2027.html